schemaname,size_mb
public,18373.296875
dw,4349.5546875
